hashtag,include
maga,0
repost,0
fourmoreyears,0
nypd,0
independenceday,0
aviation,0
military,0
airforce,0
instagramaviation,0
instaaviation,0
aviationdaily,0
avgeek,0
planespotting,0
instaplane,0
fighterjet,0
aviationphotography,0
usmca,0
pledgetoamericasworkers,0
birthday,0
birthdaygirl,0
daddysgirl,0
uss,0
secretservice,0
honorthefallen,0
remember,0
neverforget,0
restinpeace,0
medalofhonor,0
bday,0
daughter,0
nationalteacherday,0
cincodemayo,0
president,0
donaldtrump,0
foxnews,0
lincolnmemorial,0
washingtondc,0
tunnel2towers,0
covid19,0
healthcareworkers,0
firstresponders,0
publichealth,0
prevention,0
socialdistancing,0
caresact,0
medalofhonorday,0
momentofhonor,0
usnavy,0
usnscomfort,0
usnsmercy,0
coronavirus,0
covid,0
19,0
usnavyalwaysthere,0
cdc,0
supertuesday2,0
supertuesday,0
kag2020,0
blackhistorymonth,0
behindscenes,0
newdelhi,0
india,0
trumpindiavisit,0
daytona,0
daytona500,0
happybirthday,0
hbd,0
governorsball2020,0
northcarolina,0
sotu,0
stateoftheunion,0
iowa,0
love,0
trumprally,0
trumprallynj,0
neveragain,0
marchforlife,0
kag,0
wef2020,0
wef20,0
davos,0
switzerland,0
afbf2020,0
trumpmilwaukeerally,0
nationalchampionship,0
buildingthewall,0
jobsreport,0
twitter,0
fightingforyou,0
merrychristmas,0
armynavygame,0
army,0
navy,0
football,0
congressionalball,0
amimagazine,0
ovaloffice,0
whitehouse,0
didyouknow,0
shopsmall,0
alabama,0
lsu,0
photojournalism,0
photography,0
rolltide,0
blackvoicesfortrump,0
lagov,0
geauxvote,0
vote,0
donaldjtrump,0
com,0
trumprallydallas,0
stlblues,0
trumpminneapolis,0
septemberjobsreport,0
nationalvoterregistrationday,0
constitutionday,0
nc09,0
nc03,0
dorian,0
nhcsurge,0
laborday,0
g7summit,0
g7,0
biarritz,0
g7biarritz,0
teamuk,0
ohio,0
socialmediasummit,0
maga2020,0
usa,0
apollo50th,0
barry,0
salutetoamerica,0
g20,0
faithandfreedom,0
coalition,0
rtm2019,0
summersolstice,0
orlando,0
florida,0
trump2020,0
dday75,0
dday75thanniversary,0
portsmouth,0
normandy,0
usstatevisit,0
usmc,0
usmc1775,0
usmclife,0
usmcproud,0
ivankatrump,0
travelphotography,0
cnn,0
news,0
pood,0
redcarpet,0
redwhiteblue,0
ootd,0
meninuniform,0
womeninuniform,0
behindthescenes,0
use,0
japan,0
memorialday,0
potus,0
trump,0
potusinjapan,0
令和,0
トランプ大統領,0
スカイツリー,0
ライトアップ,0
tokyoskytree,0
makeallianceevengreater,0
東京の夜景,0
夜景,0
nightview,0
tokyo,0
anchorage,0
alaska,0
flagsin,0
pa,0
pennsylvania,0
special,0
election,0
happy,0
thankafirefighter,0
nationaldayofprayer,0
dhs,0
director,0
excited,0
worthy,0
honor,0
dedicated,0
motivation,0
throwback,0
airforceone,0
takebackday,0
bebest,0
easter,0
throwbackthursday,0
family,0
grandpa,0
ourbiggestfan,0
golf,0
kidsgolf,0
granddaughter,0
weekend,0
easterbunny,0
fl,0
everglades,0
coastal,0
fishing,0
conservation,0
wdsd19,0
presidenttrump,0
hanoi,0
vietnam,0
airforce1,0
rafmildenhall,0
usmilitary,0
africanamericanhistorymonth,0
makeamericagreatagain,0
birthdayboy,0
doubledigits,0
son,0
anyquestions,0
wgdp,0
holocaustremembranceday,0
venezuela,0
maduro,0
juanguaido,0
mlkday,0
clemsonfootball,0
nationalchampions,0
allin,0
texas,0
bordersecurity,0
schumershutdown,0
santa,0
christmaseve,0
firststepact,0
guard382,0
bush41,0
georgehwbushfuneral,0
bush,0
statefuneral,0
funeral,0
american,0
presidents,0
ripgeorgehwbush,0
melaniatrump,0
barackobama,0
michelleobama,0
billclinton,0
hillaryclinton,0
jimmycarter,0
rosalynncarter,0
nationalcathedral,0
unitedstates,0
gettynews,0
apphoto,0
politics,0
georgehwbush,0
blairhouse,0
ushousephoto,0
housecreativeservices,0
uscapitol,0
presidentbush,0
lyinginstate,0
capitolrotunda,0
capitoldome,0
servicemembers,0
remembering41,0
argentina,0
g20summit,0
g20argentina,0
buenosaires,0
nevermissedatreelighting,0
treelighting,0
police,0
christmas,0
chrsitmastree,0
nationalchristmastreelighting,0
nctl2018,0
happythanksgiving,0
california,0
campfire,0
paradise,0
fema,0
veteransday,0
usausausa,0
votered,0
magarally,0
happyhalloween,0
pittsburgh,0
ybls2018,0
wisconsin,0
jobsnotmobs,0
houston,0
arizona,0
mesa,0
montana,0
massachusetts,0
firstlady,0
hurricanemichael,0
lynnhaven,0
243navybday,0
icymi,0
nationalfarmersday,0
michael,0
goeseast,0
weatherready,0
hurricane,0
floridafirst,0
flngalwaysthere,0
oneteamonefight,0
worldmentalhealthday,0
mentalhealthawarenessday,0
flwx,0
alwx,0
gawx,0
scwx,0
panhandle,0
storm,0
georgia,0
southcarolina,0
scotus,0
lesm,0
iacp2018,0
lawenforcementofficers,0
columbusday,0
topeka,0
kansas,0
rochester,0
minnesota,0
ghana,0
neca18,0
philadelphia,0
specialagent,0
sacrifice,0
usarmy,0
moh,0
westvirginia,0
unga,0
missouri,0
hurricaneflorence,0
newbern,0
teamtrumpbts,0
staysafe,0
weareguard,0
soldier,0
helpingothers,0
teamwork,0
amo,0
deptofdefense,0
florence,0
mission,0
rescues,0
neighbors,0
makeanimpact,0
helpothers,0
uscg,0
florencehurricane2018,0
hurricaneflorencenc,0
readynj,0
njsp,0
njtf1,0
community,0
searchandrescue,0
flood,0
nationalguard,0
florencenc,0
alwaysready,0
activeduty,0
eastcoast,0
science,0
nature,0
space,0
satellites,0
tropicalcyclone,0
hurricanes,0
noaa,0
goes16,0
soldiers,0
scguard,0
pressconference,0
jointoperationscenter,0
flight93,0
shanksville,0
fifaworldcup,0
americanpatientsfirst,0
hurricanelane,0
takurghar,0
afghanistan,0
specialoperations,0
potd,0
photooftheday,0
airmen,0
charleston,0
modernization,0
readiness,0
ndaa,0
fortdrum,0
climbtoglory,0
newyork,0
purpleheartday,0
usaf,0
chapman,0
combat,0
hero,0
legacyofhonor,0
sendme,0
firstthere,0
alwaysthere,0
carrythelegacy,0
linkinbio,0
helsinki2018,0
helsinki,0
finland,0
worldcup,0
melania,0
taxreform,0
taxcuts,0
greatfalls,0
northdakota,0
campaign,0
fargo,0
redwave,0
duluth,0
spain,0
trumpkimsummit,0
singapore,0
canada,0
tbt,0
staract,0
nfl,0
500daysofamericangreatness,0
americafirst,0
pompeo,0
northkorea,0
fieldday,0
youthsports,0
righttotry,0
honorthem,0
instanavy,0
anc,0
arlingtonnationalcemetery,0
memorialdayweekend,0
newyorkcity,0
nyc,0
blueangels,0
gonavy,0
navylife,0
s2155,0
bethpage,0
policeweek,0
nationalpeaceofficersmemorialday,0
policeweek2018,0
thinblueline,0
thankyouforyourservice,0
thanktheliving,0
visitdc,0
vicepresidentpence,0
mikepence,0
nikonphotography,0
nikond4,0
nikond5,0
peaceofficersmemorialday,0
usembassyjerusalem,0
proudamerican,0
mothersday,0
cleveland,0
2a,0
nra,0
nraam,0
mountvernon,0
virginia,0
teamusa,0
woundedwarriors,0
keywest,0
yomhashoah,0
grandparents,0
fosta,0
sesta,0
endtrafficking,0
martinlutherkingjr,0
estonia,0
latvia,0
lithuania,0
eastereggroll,0
stockalert,0
dow,0
curvycouch,0
boeing,0
buildthewall,0
mexico,0
sandiego,0
astros,0
houstonstrong,0
internationalwomensday,0
womenconnect,0
iwd2018,0
heroes,0
1517toparis,0
reverendbillygraham,0
uscapitolbuilding,0
rainythursday,0
graydays,0
blackandwhitephotography,0
blackandwhiteinstagram,0
dcinstagram,0
nikond850,0
goinghome,0
winterolympics,0
pyeongchang2018,0
bigair,0
tuckercarlson,0
fakenews,0
msnbc,0
goteamusa,0
olympics,0
stonemanshooting,0
browardcountysheriff,0
stonemandouglas,0
browardcounty,0
southflorida,0
nh,0
newhampshire,0
guatemala,0
israel,0
guatemalan,0
jerusalem,0
nationalprayerbreakfast,0
friday,0
flashback,0
cincinnati,0
icegov,0
uscis,0
customsborder,0
wef18,0
wec18,0
wef2018,0
davos18,0
americasmayors,0
potus45,0
trumptrain,0
kids,0
inauguration,0
flashbackfriday,0
dc,0
washington,0
aniversary,0
queens,0
breakingnews,0
dow26,0
westwing,0
womenseconomicempowerment,0
pfl,0
workforcedevelopment,0
taxcutsjobsact,0
primeminister,0
norway,0
law,0
lawenforcementappreciationday,0
nationalanthem,0
afbf18,0
vacation,0
newyorktimes,0
nytimes,0
journalists,0
iranprotests,0
iranianprotests,0
iran,0
happynewyear,0
santasighting,0
traditions,0
familytime,0
b52,0
la,0
barksdale,0
kc135,0
tanker,0
fuel,0
refuel,0
england,0
sea,0
bomber,0
heavy,0
mediterranean,0
flag,0
pilot,0
airstationmiami,0
tacletsouth,0
uscgaviation,0
flycoastguard,0
sailors,0
usstheodoreroosevelt,0
arabiangulf,0
aircraftcarrier,0
cvn71,0
lifeatsea,0
lifeonthewater,0
sailaway,0
sealife,0
specialdelivery,0
youhaveapackage,0
america,0
dinner,0
taxcutsandjobsact,0
taxes,0
jobs,0
history,0
campdavid,0
thurmont,0
maryland,0
service,0
elite,0
celebrate,0
deregulation,0
menorah,0
hanukkah,0
fbi,0
quantico,0
thesnuggleisreal,0
holiday,0
vantage,0
support,0
boytime,0
historylesson,0
mississippi,0
capitolchristmastree,0
jewish,0
world,0
years,0
temple,0
chanukah,0
pearlharbor,0
worldaidsday,0
stcharles,0
dems,0
amnesty,0
illegal,0
immigration,0
ges2017,0
job,0
shopping,0
locally,0
smallbiz,0
smallbusiness,0
saturday,0
shop,0
business,0
egypt,0
coastguard,0
rivierabeach,0
thanksgiving,0
farmer,0
turkeypardon,0
ncaa,0
asia,0
gop,0
economy,0
housegop,0
potusinasia,0
potusinusa,0
veterans,0
video,0
danang,0
general,0
usmc242,0
semperfi,0
apec2017,0
greathall,0
beijing,0
china,0
chinese,0
xijinping,0
pengliyuan,0
southkorea,0
nationalassembly,0
seoul,0
honolulu,0
hawaii,0
yankees,0
government,0
december,0
trickortreat,0
happyhalloween2017,0
firstrespondersday,0
swoosh,0
grandfather,0
drug,0
addiction,0
opioid,0
epidemic,0
spirit,0
strength,0
opioidcrisis,0
enforcement,0
pain,0
management,0
federal,0
opioidepidemic,0
jfkfiles,0
presidentxi,0
unitednations,0
happydiwali,0
diwali,0
rosegarden,0
greece,0
peopleshouse,0
magazines,0
newspapers,0
nbc,0
cbs,0
abc,0
media,0
msm,0
networks,0
cable,0
tv,0
television,0
obamacare,0
democrats,0
facebook,0
242navybday,0
centralpark,0
stanleycup,0
champion,0
penguins,0
hispanicheritagemonth,0
tennessee,0
senator,0
bobcorker,0
lasvegas,0
usskearsarge,0
guaynabo,0
puertorico,0
hurricanemaria,0
carolina,0
thankyou,0
yomkippur,0
indiana,0
halloween,0
costume,0
makehalloweengreatagain,0
congressional,0
school,0
technology,0
engineering,0
math,0
stem,0
education,0
presidential,0
physics,0
computer,0
workforce,0
standforouranthem,0
usaatunga,0
jordan,0
france,0
mexicocity,0
cia,0
nations,0
civilization,0
irma,0
harvey,0
americans,0
london,0
british,0
hurricaneirma,0
usvirginislands,0
nasa,0
earth,0
rain,0
wind,0
safety,0
satellite,0
saudiarabia,0
kuwait,0
great,0
workers,0
bismarck,0
hurricaneharvey,0
louisiana,0
texasstrong,0
corpuschristi,0
internationalspacestation,0
weather,0
governor,0
nation,0
planahead,0
ussjohnsmccain,0
loyalty,0
patriotism,0
fortmyer,0
arlington,0
eclipse2017,0
hr873,0
marines,0
hughhewitt,0
nevertrumpers,0
bedminster,0
newjersey,0
barcelona,0
veteran,0
charlottesville,0
entrepreneurship,0
tipheroes,0
latergram,0
alexandria,0
summerreading,0
boyscouts,0
jamboree,0
national,0
ussgeraldrford,0
usgeraldrford,0
madeinamerica,0
pentagon,0
vppence,0
healthcare,0
uswomensopen,0
usopen,0
bastilleday,0
paris,0
wwii,0
hamburg,0
germany,0
aus,0
philharmonic,0
unitedkingdom,0
theresamay,0
chancellor,0
angelamerkel,0
leaders,0
bts,0
summit,0
potusinpoland,0
poland,0
charliegard,0
energyweek,0
fnn,0
amazonwashingtonpost,0
makeamericasafeagain,0
vaaccountability,0
americanheroes,0
healthcarebill,0
cedarrapids,0
techweek,0
juneteenth,0
happyfathersday,0
fathersday,0
congressionalbaseballgame,0
sport,0
movingday,0
voters,0
dreams,0
ohioriver,0
dday,0
italy,0
taormina,0
sicily,0
potusabroad,0
westernwall,0
murabba,0
palace,0
king,0
riyadh,0
colombia,0
hibachi,0
benihana,0
letsmakepeace,0
draintheswamp,0
nationalteachersday,0
militaryappreciationmonth,0
retweet,0
cashinin,0
smallbusinessweek,0
takeyourchildtoworkday,0
agriculture,0
congratspeggy,0
happypassover,0
chagsameach,0
liub,0
confirmgorsuch,0
thankaveteran,0
marine,0
us,0
madeintheusa,0
keystonepipeline,0
repealandreplace,0
ahca,0
passthebill,0
ushcc,0
womensempowerment,0
womenshistorymonth,0
nationalagday,0
farmers,0
legislation,0
astronauts,0
discovery,0
insurance,0
doctor,0
patient,0
capitolhill,0
photos,0
winter,0
snow,0
beprepared,0
east,0
coast,0
readthebill,0
teamtrumppencebts,0
health,0
doctors,0
medical,0
bottle,0
bottles,0
bottleservice,0
womensday,0
jointaddress,0
closingthegendergap,0
womeninstem,0
enditmovement,0
hbcus,0
cpac2017,0
supremecourt,0
importantlessons,0
motherdaughter,0
melbourne,0
marineone,0
centcom,0
ussocom,0
ustroops,0
patriots,0
superbowl,0
justicegorsuch,0
tmnt,0
pajamas,0
trump45,0
grandkids,0
inauguration2017,0
godblesstheusa,0
2days,0
fatherson,0
godblessamerica,0
newyear,0
chicago,0
newyearseve,0
break,0
un,0
mobile,0
trumppence16,0
thankyoutour2016,0
christmastree,0
party,0
peotus,0
desmoines,0
pearlharborremembranceday,0
fayetteville,0
michigan,0
cabinetpicks,0
transition2017,0
cuba,0
thankavet,0
electionnight,0
trumppence,0
trump2016,0
electionday,0
voted,0
sarasota,0
votetrumppence16,0
denver,0
colorado,0
reno,0
nevada,0
wilmington,0
north,0
tampa,0
hershey,0
rallyforriley,0
fbf,0
co,0
flying,0
mansfield,0
miami,0
womenfortrump,0
ia,0
iapolitics,0
wawa,0
warren,0
mi,0
trumppence2016,0
greeley,0
live,0
nuffsaid,0
atlanta,0
ga,0
diversity,0
ndctrump,0
geneva,0
springfield,0
trumpdc,0
trumphotels,0
neversettle,0
womenwhovotetrump,0
votetrump,0
copolitics,0
election2016,0
outdoors,0
sportsmen,0
sportswomen,0
hunting,0
shooting,0
oh,0
sheriff,0
staugustine,0
boyntonbeach,0
clinton,0
gettysburg,0
newtown,0
november,0
johnstown,0
fletcher,0
earlyvote,0
delaware,0
fortunempw,0
womenwhowork,0
yuge,0
deplorables,0
nv,0
nvpol,0
nvpolitics,0
copol,0
boulder,0
coloradosprings,0
albany,0
gapol,0
charlotte,0
greensboro,0
nc,0
greenville,0
lumberton,0
weareone,0
ncpol,0
lakeland,0
arkansas,0
illinois,0
kentucky,0
wikileaks,0
presidentialdebate,0
debate,0
stlouis,0
imwithyou,0
maine,0
ohpolitics,0
vpdebate,0
energy,0
trumpiswithyou,0
pueblo,0
herndon,0
grandrapids,0
followthemoney,0
councilbluffs,0
polish,0
debatenight,0
debates,0
roanoke,0
coloradopolitics,0
ut,0
utah,0
lds,0
mormonsfortrump,0
idaho,0
idahopolitics,0
archery,0
sportsmenfortrump,0
kenansville,0
safe,0
unity,0
donaldtrumpjr,0
erictrump,0
therealdonaldtrump,0
canton,0
teamtrump,0
makeamericagreatagaian,0
clive,0
ashville,0
pensacola,0
youthfortrump,0
conservative,0
detroit,0
phoenix,0
hannity,0
townhall,0
austin,0
tumppence16,0
security,0
lawandorder,0
foreignpolicy,0
altoona,0
erie,0
kissimmee,0
rio,0
jacksonville,0
daytonabeach,0
trumpcam,0
socialmedia,0
oklahoma,0
toledo,0
rncincle,0
rnc,0
gopconvention,0
crookedhillary,0
women4trump,0
virginiabeach,0
july4th,0
wcs16,0
win,0
scotland,0
grandopening,0
obama,0
millions,0
rtm2016,0
muhammadali,0
rip,0
redding,0
sacramento,0
rollingthunder,0
bikersfortrump,0
mdw,0
fresno,0
lawenforcement,0
respect,0
anaheim,0
albuquerque,0
newmexico,0
leadership,0
hereos,0
crookedhillaryclinton,0
armedforcesday,0
secondamendment,0
redefinepower,0
openingsoon,0
senate,0
republican,0
nassau,0
longisland,0
spokane,0
lynden,0
carmel,0
southbend,0
inprimary,0
coach,0
connecticut,0
rhodeisland,0
warwick,0
april,0
delegates,0
paprimary,0
bridgeport,0
tuesday,0
nyprimary,0
buffalo,0
rexryan,0
buffalobills,0
ny,0
gala,0
newyorkvalues,0
loving,0
volunteers,0
wiprimary,0
snapchat,0
trumptownhall,0
milwaukee,0
wausau,0
racine,0
wi,0
eauclaire,0
tumptrain,0
proud,0
grateful,0
happyeaster,0
petsfortrump,0
americansamoa,0
kansascity,0
dayton,0
gopdebate,0
jupiter,0
press,0
conference,0
worldgolfchampionship,0
trumpgolf,0
duckdynasty,0
duckcommander,0
caucus,0
nola,0
nascar,0
elko,0
nevadacaucus,0
greenvillesc,0
tampabay,0
eltonjohn,0
votetrumpsc,0
fitn,0
nhprimary,0
londonderry,0
sb50,0
plymouth,0
caucusfortrump,0
siouxcity,0
shenandoah,0
firechief,0
hawkeyes,0
pizzaranch,0
iacaucus,0
snowflakegardenbrunch,0
iowacaucus,0
trumpforceone,0
dubuque,0
boone,0
vets,0
trump4vets,0
22kill,0
jonas,0
muscatine,0
willierobertson,0
success,0
trumpforpresident,0
mom4trump,0
sarahpalin,0
loved,0
libertyuniversity,0
hashtag,0
donaldtrump2016,0
silentmajority,0
noisyashell,0
noisyashellmajority,0
teamtrump2016,0
trumptrain2016,0
trumpmobile,0
teaparty,0
spinroom,0
studentsfortrump,0
rockhill,0
winthropcoliseum,0
manchester,0
instapic,0
camoflauge,0
hunters,0
ottumwa,0
biloxi,0
votetrump2016,0
maralago,0
2015bestnine,0
instagram,0
happyholidays,0
demdebate,0
barbarawalters,0
winnersarentlosers,0
jimmykimmel,0
makeamerciagreatagain,0
s,0
cnndebate,0
trumprallyal,0
trumphomebydorya,0
snl40,0
celebapprentice,0
missuniverse,0
thebachelor,0
icebucketchallenge,0
parkavenue,0
penthouse,0
d,0
c,0
oldpostoffice,0
transformers,0
ghostbusters,0
wwe,0
trumptower,0
savesaeed,0
billygraham,0
tombrady,0
jacknicklaus,0
ferrypoint,0
tikibarber,0
robriggle,0
traceadkins,0
bretmichaels,0
georgeross,0
wwehof,0
